Size Name,vCPUs (Qty.),Memory (GiB),Max Temp Storage Disks (Qty.),Temp Disk Size (GiB),Temp ReadWrite Disk IOPS,Temp ReadWrite Disk Speed (MBps),Temp ReadOnly Disk IOPS,Temp ReadOnly Disk Speed (MBps),Max Remote Storage Disks (Qty.),Uncached Storage IOPS,Uncached Storage Speed (MBps),Uncached Storage Burst IOPS,Uncached Storage Burst Speed (MBps),Uncached Ultra Disk and Premium SSD v IOPS,Uncached Ultra Disk and Premium SSD v Throughput (MB/s),Uncached Burst Ultra Disk and Premium SSD v IOPS,Uncached Burst Ultra Disk and Premium SSD v Disk Throughput (MB/s),Max NICs (Qty.),Max Network Bandwidth (Mb/s),Disk Cache Size (GiB),Cached Disk Random Read (RR) IOPS,Cached Disk Random Read (RR) Throughput (MB/s),Price/hour,Unit,location
Standard_E16pds_v6,16.0,128.0,2.0,440.0,120000.0,720.0,300000.0,1440.0,48.0,25600.0,848.0,40000.0,1250.0,33331.0,992.0,52080.0,1463.0,8.0,15000.0,,,,0.936,1 Hour,US East 2
Standard_E2pds_v6,2.0,16.0,1.0,110.0,15000.0,90.0,37500.0,180.0,8.0,3750.0,106.0,10000.0,1250.0,4163.0,124.0,11100.0,1463.0,2.0,12500.0,,,,0.117,1 Hour,US East 2
Standard_E32pds_v6,32.0,256.0,4.0,440.0,240000.0,1440.0,600000.0,2880.0,64.0,51200.0,1696.0,80000.0,2000.0,66662.0,1984.0,104160.0,2340.0,8.0,20000.0,,,,1.8719999999999999,1 Hour,US East 2
Standard_E48pds_v6,48.0,384.0,6.0,440.0,360000.0,2160.0,900000.0,4320.0,64.0,76800.0,2544.0,80000.0,3000.0,99994.0,2976.0,104160.0,3510.0,8.0,30000.0,,,,2.808,1 Hour,US East 2
Standard_E4pds_v6,4.0,32.0,1.0,220.0,30000.0,180.0,75000.0,360.0,12.0,6400.0,212.0,20000.0,1250.0,8333.0,248.0,26040.0,1463.0,2.0,12500.0,,,,0.234,1 Hour,US East 2
Standard_E64pds_v6,64.0,512.0,4.0,880.0,480000.0,2880.0,1200000.0,5760.0,64.0,102400.0,3392.0,102400.0,3392.0,133325.0,3969.0,133325.0,4680.0,8.0,40000.0,,,,3.7439999999999998,1 Hour,US East 2
Standard_E8pds_v6,8.0,64.0,1.0,440.0,60000.0,360.0,150000.0,720.0,24.0,12800.0,424.0,20000.0,1250.0,16666.0,496.0,26040.0,1463.0,4.0,15000.0,,,,0.468,1 Hour,US East 2
Standard_E96pds_v6,96.0,672.0,6.0,880.0,720000.0,4320.0,1800000.0,8640.0,64.0,153600.0,5000.0,153600.0,5000.0,199987.0,5850.0,199987.0,5953.0,8.0,60000.0,,,,5.616,1 Hour,US East 2
Standard_E16ads_v6,16.0,128.0,2.0,440.0,,,300000.0,1440.0,32.0,30400.0,720.0,40000.0,1250.0,30400.0,720.0,40000.0,1250.0,8.0,16000.0,,,,1.162,1 Hour,US East 2
Standard_E20ads_v6,20.0,160.0,2.0,550.0,,,375000.0,1800.0,32.0,38000.0,900.0,64000.0,1600.0,38000.0,900.0,64000.0,1600.0,8.0,16000.0,,,,1.452,1 Hour,US East 2
Standard_E2ads_v6,2.0,16.0,1.0,110.0,,,37500.0,180.0,4.0,4000.0,90.0,20000.0,1250.0,4000.0,90.0,20000.0,1250.0,2.0,12500.0,,,,0.145,1 Hour,US East 2
Standard_E32ads_v6,32.0,256.0,4.0,440.0,,,600000.0,2880.0,32.0,57600.0,1440.0,80000.0,1700.0,57600.0,1440.0,80000.0,1700.0,8.0,20000.0,,,,2.323,1 Hour,US East 2
Standard_E48ads_v6,48.0,384.0,6.0,440.0,,,900000.0,4320.0,32.0,86400.0,2160.0,90000.0,2550.0,86400.0,2160.0,90000.0,2550.0,8.0,28000.0,,,,3.485,1 Hour,US East 2
Standard_E4ads_v6,4.0,32.0,1.0,220.0,,,75000.0,360.0,8.0,7600.0,180.0,20000.0,1250.0,7600.0,180.0,20000.0,1250.0,2.0,12500.0,,,,0.29,1 Hour,US East 2
Standard_E64ads_v6,64.0,512.0,4.0,880.0,,,1200000.0,5760.0,32.0,115200.0,2880.0,120000.0,3400.0,115200.0,2880.0,120000.0,3400.0,8.0,36000.0,,,,4.646,1 Hour,US East 2
Standard_E8ads_v6,8.0,64.0,1.0,440.0,,,150000.0,720.0,16.0,15200.0,360.0,20000.0,1250.0,15200.0,360.0,20000.0,1250.0,4.0,12500.0,,,,0.581,1 Hour,US East 2
Standard_E96ads_v6,96.0,672.0,6.0,880.0,,,1800000.0,8640.0,32.0,175000.0,4320.0,175000.0,5090.0,175000.0,4320.0,175000.0,5090.0,8.0,40000.0,,,,6.97,1 Hour,US East 2
Standard_E104id_v52,104.0,672.0,1.0,3800.0,,,450000.0,4000.0,64.0,120000.0,4000.0,120000.0,4000.0,,,,,8.0,100000.0,,,,,,
Standard_E16d_v5,16.0,128.0,1.0,600.0,,,75000.0,1000.0,32.0,25600.0,600.0,40000.0,1200.0,,,,,8.0,12500.0,,,,1.152,1 Hour,US East 2
Standard_E20d_v5,20.0,160.0,1.0,750.0,,,94000.0,1250.0,32.0,32000.0,750.0,64000.0,1600.0,,,,,8.0,12500.0,,,,1.44,1 Hour,US East 2
Standard_E2d_v5,2.0,16.0,1.0,75.0,,,9000.0,125.0,4.0,3750.0,85.0,10000.0,1200.0,,,,,2.0,12500.0,,,,0.14400000000000002,1 Hour,US East 2
Standard_E32d_v5,32.0,256.0,1.0,1200.0,,,150000.0,2000.0,32.0,51200.0,865.0,80000.0,2000.0,,,,,8.0,16000.0,,,,2.304,1 Hour,US East 2
Standard_E48d_v5,48.0,384.0,1.0,1800.0,,,225000.0,3000.0,32.0,76800.0,1315.0,80000.0,3000.0,,,,,8.0,24000.0,,,,3.456,1 Hour,US East 2
Standard_E4d_v5,4.0,32.0,1.0,150.0,,,19000.0,250.0,8.0,6400.0,145.0,20000.0,1200.0,,,,,2.0,12500.0,,,,0.28800000000000003,1 Hour,US East 2
Standard_E64d_v5,64.0,512.0,1.0,2400.0,,,300000.0,4000.0,32.0,80000.0,1735.0,80000.0,3000.0,,,,,8.0,30000.0,,,,4.608,1 Hour,US East 2
Standard_E8d_v5,8.0,64.0,1.0,300.0,,,38000.0,500.0,16.0,12800.0,290.0,20000.0,1200.0,,,,,4.0,12500.0,,,,0.5760000000000001,1 Hour,US East 2
Standard_E96d_v5,96.0,672.0,1.0,3600.0,,,450000.0,4000.0,32.0,80000.0,2600.0,80000.0,4000.0,,,,,8.0,35000.0,,,,6.912,1 Hour,US East 2
Standard_E104ids_v5,104.0,672.0,1.0,3800.0,,,450000.0,4000.0,64.0,120000.0,4000.0,120000.0,4000.0,,,,,8.0,100000.0,,,,8.237,1 Hour,US East 2
Standard_E16ds_v5,16.0,128.0,1.0,600.0,,,75000.0,1000.0,32.0,25600.0,600.0,40000.0,1200.0,,,,,8.0,12500.0,,,,1.152,1 Hour,US East 2
Standard_E20ds_v5,20.0,160.0,1.0,750.0,,,94000.0,1250.0,32.0,32000.0,750.0,64000.0,1600.0,,,,,8.0,12500.0,,,,1.44,1 Hour,US East 2
Standard_E2ds_v5,2.0,16.0,1.0,75.0,,,9000.0,125.0,4.0,3750.0,85.0,10000.0,1200.0,,,,,2.0,12500.0,,,,0.14400000000000002,1 Hour,US East 2
Standard_E32ds_v5,32.0,256.0,1.0,1200.0,,,150000.0,2000.0,32.0,51200.0,865.0,80000.0,2000.0,,,,,8.0,16000.0,,,,2.304,1 Hour,US East 2
Standard_E48ds_v5,48.0,384.0,1.0,1800.0,,,225000.0,3000.0,32.0,76800.0,1315.0,80000.0,3000.0,,,,,8.0,24000.0,,,,3.456,1 Hour,US East 2
Standard_E4ds_v5,4.0,32.0,1.0,150.0,,,19000.0,250.0,8.0,6400.0,145.0,20000.0,1200.0,,,,,2.0,12500.0,,,,0.28800000000000003,1 Hour,US East 2
Standard_E64ds_v5,64.0,512.0,1.0,2400.0,,,375000.0,4000.0,32.0,80000.0,1735.0,80000.0,3000.0,,,,,8.0,30000.0,,,,4.608,1 Hour,US East 2
Standard_E8ds_v5,8.0,64.0,1.0,300.0,,,38000.0,500.0,16.0,12800.0,290.0,20000.0,1200.0,,,,,4.0,12500.0,,,,0.5760000000000001,1 Hour,US East 2
Standard_E96ds_v5,96.0,672.0,1.0,3600.0,,,450000.0,4000.0,32.0,80000.0,2600.0,80000.0,4000.0,,,,,8.0,35000.0,,,,6.912,1 Hour,US East 2
Standard_E112iads_v5,112.0,672.0,1.0,3800.0,,,450000.0,4000.0,64.0,120000.0,2000.0,120000.0,2000.0,,,,,8.0,50000.0,,,,8.07,1 Hour,US East 2
Standard_E16ads_v5,16.0,128.0,1.0,600.0,,,75000.0,1000.0,32.0,25600.0,384.0,40000.0,800.0,,,,,8.0,12500.0,,,,1.094,1 Hour,US East 2
Standard_E16ads_v5,16.0,128.0,1.0,600.0,,,75000.0,1000.0,32.0,25600.0,384.0,40000.0,800.0,,,,,8.0,12500.0,,,,1.048,1 Hour,US East 2
Standard_E20ads_v5,20.0,160.0,1.0,750.0,,,94000.0,1250.0,32.0,32000.0,480.0,64000.0,1000.0,,,,,8.0,12500.0,,,,1.31,1 Hour,US East 2
Standard_E20ads_v5,20.0,160.0,1.0,750.0,,,94000.0,1250.0,32.0,32000.0,480.0,64000.0,1000.0,,,,,8.0,12500.0,,,,1.3559999999999999,1 Hour,US East 2
Standard_E2ads_v5,2.0,16.0,1.0,75.0,,,9000.0,125.0,4.0,3750.0,82.0,10000.0,600.0,,,,,2.0,12500.0,,,,0.177,1 Hour,US East 2
Standard_E2ads_v5,2.0,16.0,1.0,75.0,,,9000.0,125.0,4.0,3750.0,82.0,10000.0,600.0,,,,,2.0,12500.0,,,,0.131,1 Hour,US East 2
Standard_E32ads_v5,32.0,256.0,1.0,1200.0,,,150000.0,2000.0,32.0,51200.0,768.0,80000.0,1600.0,,,,,8.0,16000.0,,,,2.096,1 Hour,US East 2
Standard_E32ads_v5,32.0,256.0,1.0,1200.0,,,150000.0,2000.0,32.0,51200.0,768.0,80000.0,1600.0,,,,,8.0,16000.0,,,,2.142,1 Hour,US East 2
Standard_E48ads_v5,48.0,384.0,1.0,1800.0,,,225000.0,3000.0,32.0,76800.0,1152.0,80000.0,2000.0,,,,,8.0,24000.0,,,,3.19,1 Hour,US East 2
Standard_E48ads_v5,48.0,384.0,1.0,1800.0,,,225000.0,3000.0,32.0,76800.0,1152.0,80000.0,2000.0,,,,,8.0,24000.0,,,,3.144,1 Hour,US East 2
Standard_E4ads_v5,4.0,32.0,1.0,150.0,,,19000.0,250.0,8.0,6400.0,144.0,20000.0,600.0,,,,,2.0,12500.0,,,,0.308,1 Hour,US East 2
Standard_E4ads_v5,4.0,32.0,1.0,150.0,,,19000.0,250.0,8.0,6400.0,144.0,20000.0,600.0,,,,,2.0,12500.0,,,,0.262,1 Hour,US East 2
Standard_E64ads_v5,64.0,512.0,1.0,2400.0,,,300000.0,4000.0,32.0,80000.0,1200.0,80000.0,2000.0,,,,,8.0,32000.0,,,,4.192,1 Hour,US East 2
Standard_E64ads_v5,64.0,512.0,1.0,2400.0,,,300000.0,4000.0,32.0,80000.0,1200.0,80000.0,2000.0,,,,,8.0,32000.0,,,,4.238,1 Hour,US East 2
Standard_E8ads_v5,8.0,64.0,1.0,300.0,,,38000.0,500.0,16.0,12800.0,200.0,20000.0,600.0,,,,,4.0,12500.0,,,,0.5700000000000001,1 Hour,US East 2
Standard_E8ads_v5,8.0,64.0,1.0,300.0,,,38000.0,500.0,16.0,12800.0,200.0,20000.0,600.0,,,,,4.0,12500.0,,,,0.524,1 Hour,US East 2
Standard_E96ads_v5,96.0,672.0,1.0,3600.0,,,450000.0,4000.0,32.0,80000.0,1600.0,80000.0,2000.0,,,,,8.0,40000.0,,,,6.288,1 Hour,US East 2
Standard_E96ads_v5,96.0,672.0,1.0,3600.0,,,450000.0,4000.0,32.0,80000.0,1600.0,80000.0,2000.0,,,,,8.0,40000.0,,,,6.334,1 Hour,US East 2
Standard_E16pds_v5,16.0,128.0,1.0,600.0,,,75000.0,1000.0,32.0,25600.0,600.0,40000.0,1200.0,,,,,4.0,12500.0,,,,0.922,1 Hour,US East 2
Standard_E20pds_v5,20.0,160.0,1.0,750.0,,,95000.0,1250.0,32.0,32000.0,750.0,64000.0,1600.0,,,,,8.0,12500.0,,,,1.152,1 Hour,US East 2
Standard_E2pds_v5,2.0,16.0,1.0,75.0,,,9375.0,125.0,4.0,3750.0,85.0,10000.0,1200.0,,,,,2.0,12500.0,,,,0.115,1 Hour,US East 2
Standard_E32pds_v5,32.0,208.0,1.0,1200.0,,,150000.0,2000.0,32.0,51200.0,865.0,80000.0,2000.0,,,,,8.0,16000.0,,,,1.843,1 Hour,US East 2
Standard_E4pds_v5,4.0,32.0,1.0,150.0,,,19000.0,250.0,8.0,6400.0,145.0,20000.0,1200.0,,,,,2.0,12500.0,,,,0.23,1 Hour,US East 2
Standard_E8pds_v5,8.0,64.0,1.0,300.0,,,38000.0,500.0,16.0,12800.0,290.0,20000.0,1200.0,,,,,4.0,12500.0,,,,0.461,1 Hour,US East 2
Standard_D16pds_v6,16.0,64.0,2.0,440.0,120000.0,720.0,300000.0,1440.0,48.0,25600.0,848.0,40000.0,1250.0,33331.0,992.0,52080.0,1463.0,8.0,15000.0,,,,0.734,1 Hour,US East 2
Standard_D2pds_v6,2.0,8.0,1.0,110.0,15000.0,90.0,37500.0,180.0,8.0,3750.0,106.0,10000.0,1250.0,4163.0,124.0,11100.0,1463.0,2.0,12500.0,,,,0.0918,1 Hour,US East 2
Standard_D32pds_v6,32.0,128.0,4.0,440.0,240000.0,1440.0,600000.0,2880.0,64.0,51200.0,1696.0,80000.0,2000.0,66662.0,1984.0,104160.0,2340.0,8.0,20000.0,,,,1.469,1 Hour,US East 2
Standard_D48pds_v6,48.0,192.0,6.0,440.0,360000.0,2160.0,900000.0,4320.0,64.0,76800.0,2544.0,80000.0,3000.0,99994.0,2976.0,104160.0,3510.0,8.0,30000.0,,,,2.203,1 Hour,US East 2
Standard_D4pds_v6,4.0,16.0,1.0,220.0,30000.0,180.0,75000.0,360.0,12.0,6400.0,212.0,20000.0,1250.0,8333.0,248.0,26040.0,1463.0,2.0,12500.0,,,,0.184,1 Hour,US East 2
Standard_D64pds_v6,64.0,256.0,4.0,880.0,480000.0,2880.0,1200000.0,5760.0,64.0,102400.0,3392.0,102400.0,3392.0,133325.0,3969.0,133325.0,4680.0,8.0,40000.0,,,,2.938,1 Hour,US East 2
Standard_D8pds_v6,8.0,32.0,1.0,440.0,60000.0,360.0,150000.0,720.0,24.0,12800.0,424.0,20000.0,1250.0,16666.0,496.0,26040.0,1463.0,4.0,15000.0,,,,0.367,1 Hour,US East 2
Standard_D96pds_v6,96.0,384.0,6.0,880.0,720000.0,4320.0,1800000.0,8640.0,64.0,153600.0,5000.0,153600.0,5000.0,199987.0,5850.0,199987.0,5953.0,8.0,60000.0,,,,4.406,1 Hour,US East 2
Standard_D16plds_v6,16.0,32.0,2.0,440.0,120000.0,720.0,300000.0,1440.0,48.0,25600.0,848.0,40000.0,1250.0,33331.0,992.0,52080.0,1463.0,8.0,15000.0,,,,0.624,1 Hour,US East 2
Standard_D2plds_v6,2.0,4.0,1.0,110.0,15000.0,90.0,37500.0,180.0,8.0,3750.0,106.0,10000.0,1250.0,4163.0,124.0,11100.0,1463.0,2.0,12500.0,,,,0.078,1 Hour,US East 2
Standard_D32plds_v6,32.0,64.0,4.0,440.0,240000.0,1440.0,600000.0,2880.0,64.0,51200.0,1696.0,80000.0,2000.0,66662.0,1984.0,104160.0,2340.0,8.0,20000.0,,,,1.248,1 Hour,US East 2
Standard_D48plds_v6,48.0,96.0,6.0,440.0,360000.0,2160.0,900000.0,4320.0,64.0,76800.0,2544.0,80000.0,3000.0,99994.0,2976.0,104160.0,3510.0,8.0,30000.0,,,,1.8719999999999999,1 Hour,US East 2
Standard_D4plds_v6,4.0,8.0,1.0,220.0,30000.0,180.0,75000.0,360.0,12.0,6400.0,212.0,20000.0,1250.0,8333.0,248.0,26040.0,1463.0,2.0,12500.0,,,,0.156,1 Hour,US East 2
Standard_D64plds_v6,64.0,128.0,4.0,880.0,480000.0,2880.0,1200000.0,5760.0,64.0,102400.0,3392.0,102400.0,3392.0,133325.0,3969.0,133325.0,4680.0,8.0,40000.0,,,,2.496,1 Hour,US East 2
Standard_D8plds_v6,8.0,16.0,1.0,440.0,60000.0,360.0,150000.0,720.0,24.0,12800.0,424.0,20000.0,1250.0,16666.0,496.0,26040.0,1463.0,4.0,15000.0,,,,0.312,1 Hour,US East 2
Standard_D96plds_v6,96.0,192.0,6.0,880.0,720000.0,4320.0,1800000.0,8640.0,64.0,153600.0,5000.0,153600.0,5000.0,199987.0,5850.0,199987.0,5953.0,8.0,60000.0,,,,3.7439999999999998,1 Hour,US East 2
Standard_D16ads_v6,16.0,64.0,2.0,440.0,,,300000.0,1440.0,32.0,30400.0,720.0,40000.0,1250.0,30400.0,720.0,40000.0,1250.0,8.0,16000.0,,,,0.912,1 Hour,US East 2
Standard_D2ads_v6,2.0,8.0,1.0,110.0,,,37500.0,180.0,4.0,4000.0,90.0,20000.0,1250.0,4000.0,90.0,20000.0,1250.0,2.0,12500.0,,,,0.114,1 Hour,US East 2
Standard_D32ads_v6,32.0,128.0,4.0,440.0,,,600000.0,2880.0,32.0,57600.0,1440.0,80000.0,1700.0,57600.0,1440.0,80000.0,1700.0,8.0,20000.0,,,,1.824,1 Hour,US East 2
Standard_D48ads_v6,48.0,192.0,6.0,440.0,,,900000.0,4320.0,32.0,86400.0,2160.0,90000.0,2550.0,86400.0,2160.0,90000.0,2550.0,8.0,28000.0,,,,2.7359999999999998,1 Hour,US East 2
Standard_D4ads_v6,4.0,16.0,1.0,220.0,,,75000.0,360.0,8.0,7600.0,180.0,20000.0,1250.0,7600.0,180.0,20000.0,1250.0,2.0,12500.0,,,,0.228,1 Hour,US East 2
Standard_D64ads_v6,64.0,256.0,4.0,880.0,,,1200000.0,5760.0,32.0,115200.0,2880.0,120000.0,3400.0,115200.0,2880.0,120000.0,3400.0,8.0,36000.0,,,,3.648,1 Hour,US East 2
Standard_D8ads_v6,8.0,32.0,1.0,440.0,,,150000.0,720.0,16.0,15200.0,360.0,20000.0,1250.0,15200.0,360.0,20000.0,1250.0,4.0,12500.0,,,,0.456,1 Hour,US East 2
Standard_D96ads_v6,96.0,384.0,6.0,880.0,,,1800000.0,8640.0,32.0,175000.0,4320.0,175000.0,5090.0,175000.0,4320.0,175000.0,5090.0,8.0,40000.0,,,,5.472,1 Hour,US East 2
Standard_D16alds_v6,16.0,32.0,2.0,440.0,,,300000.0,1440.0,32.0,30400.0,720.0,40000.0,1250.0,30400.0,720.0,40000.0,1250.0,8.0,16000.0,,,,0.762,1 Hour,US East 2
Standard_D2alds_v6,2.0,4.0,1.0,110.0,,,37500.0,180.0,4.0,4000.0,90.0,20000.0,1250.0,4000.0,90.0,20000.0,1250.0,2.0,12500.0,,,,0.0952,1 Hour,US East 2
Standard_D32alds_v6,32.0,64.0,4.0,440.0,,,600000.0,2880.0,32.0,57600.0,1440.0,80000.0,1700.0,57600.0,1440.0,80000.0,1700.0,8.0,20000.0,,,,1.5230000000000001,1 Hour,US East 2
Standard_D48alds_v6,48.0,96.0,6.0,440.0,,,900000.0,4320.0,32.0,86400.0,2160.0,90000.0,2550.0,86400.0,2160.0,90000.0,2550.0,8.0,28000.0,,,,2.285,1 Hour,US East 2
Standard_D4alds_v6,4.0,8.0,1.0,220.0,,,75000.0,360.0,8.0,7600.0,180.0,20000.0,1250.0,7600.0,180.0,20000.0,1250.0,2.0,12500.0,,,,0.19,1 Hour,US East 2
Standard_D64alds_v6,64.0,128.0,4.0,880.0,,,1200000.0,5760.0,32.0,115200.0,2880.0,120000.0,3400.0,115200.0,2880.0,120000.0,3400.0,8.0,36000.0,,,,3.046,1 Hour,US East 2
Standard_D8alds_v6,8.0,16.0,1.0,440.0,,,150000.0,720.0,16.0,15200.0,360.0,20000.0,1250.0,15200.0,360.0,20000.0,1250.0,4.0,12500.0,,,,0.381,1 Hour,US East 2
Standard_D96alds_v6,96.0,192.0,6.0,880.0,,,1800000.0,8640.0,32.0,175000.0,4320.0,175000.0,5090.0,175000.0,4320.0,175000.0,5090.0,8.0,40000.0,,,,4.57,1 Hour,US East 2
Standard_D16d_v5,16.0,64.0,1.0,600.0,,,75000.0,1000.0,32.0,25600.0,600.0,40000.0,1200.0,,,,,8.0,12500.0,,,,0.904,1 Hour,US East 2
Standard_D2d_v5,2.0,8.0,1.0,75.0,,,9000.0,125.0,4.0,3750.0,85.0,10000.0,1200.0,,,,,2.0,12500.0,,,,0.113,1 Hour,US East 2
Standard_D32d_v5,32.0,128.0,1.0,1200.0,,,150000.0,2000.0,32.0,51200.0,865.0,80000.0,2000.0,,,,,8.0,16000.0,,,,1.808,1 Hour,US East 2
Standard_D48d_v5,48.0,192.0,1.0,1800.0,,,225000.0,3000.0,32.0,76800.0,1315.0,80000.0,3000.0,,,,,8.0,24000.0,,,,2.7119999999999997,1 Hour,US East 2
Standard_D4d_v5,4.0,16.0,1.0,150.0,,,19000.0,250.0,8.0,6400.0,145.0,20000.0,1200.0,,,,,2.0,12500.0,,,,0.226,1 Hour,US East 2
Standard_D64d_v5,64.0,256.0,1.0,2400.0,,,300000.0,4000.0,32.0,80000.0,1735.0,80000.0,3000.0,,,,,8.0,30000.0,,,,3.616,1 Hour,US East 2
Standard_D8d_v5,8.0,32.0,1.0,300.0,,,38000.0,500.0,16.0,12800.0,290.0,20000.0,1200.0,,,,,4.0,12500.0,,,,0.452,1 Hour,US East 2
Standard_D96d_v5,96.0,384.0,1.0,3600.0,,,450000.0,4000.0,32.0,80000.0,2600.0,80000.0,4000.0,,,,,8.0,35000.0,,,,5.424,1 Hour,US East 2
Standard_D16ds_v5,16.0,64.0,1.0,600.0,,,75000.0,1000.0,32.0,25600.0,600.0,40000.0,1200.0,,,,,8.0,12500.0,,,,0.904,1 Hour,US East 2
Standard_D2ds_v5,2.0,8.0,1.0,75.0,,,9000.0,125.0,4.0,3750.0,85.0,10000.0,1200.0,,,,,2.0,12500.0,,,,0.113,1 Hour,US East 2
Standard_D32ds_v5,32.0,128.0,1.0,1200.0,,,150000.0,2000.0,32.0,51200.0,865.0,80000.0,2000.0,,,,,8.0,16000.0,,,,1.808,1 Hour,US East 2
Standard_D48ds_v5,48.0,192.0,1.0,1800.0,,,225000.0,3000.0,32.0,76800.0,1315.0,80000.0,3000.0,,,,,8.0,24000.0,,,,2.7119999999999997,1 Hour,US East 2
Standard_D4ds_v5,4.0,16.0,1.0,150.0,,,19000.0,250.0,8.0,6400.0,145.0,20000.0,1200.0,,,,,2.0,12500.0,,,,0.226,1 Hour,US East 2
Standard_D64ds_v5,64.0,256.0,1.0,2400.0,,,300000.0,4000.0,32.0,80000.0,1735.0,80000.0,3000.0,,,,,8.0,30000.0,,,,3.616,1 Hour,US East 2
Standard_D8ds_v5,8.0,32.0,1.0,300.0,,,38000.0,500.0,16.0,12800.0,290.0,20000.0,1200.0,,,,,4.0,12500.0,,,,0.452,1 Hour,US East 2
Standard_D96ds_v5,96.0,384.0,1.0,3600.0,,,450000.0,4000.0,32.0,80000.0,2600.0,80000.0,4000.0,,,,,8.0,35000.0,,,,5.424,1 Hour,US East 2
Standard_D16ads_v5,16.0,64.0,1.0,600.0,,,75000.0,1000.0,32.0,25600.0,384.0,40000.0,800.0,,,,,8.0,12500.0,,,,0.8240000000000001,1 Hour,US East 2
Standard_D16ads_v5,16.0,64.0,1.0,600.0,,,75000.0,1000.0,32.0,25600.0,384.0,40000.0,800.0,,,,,8.0,12500.0,,,,1.56,1 Hour,US East 2
Standard_D2ads_v5,2.0,8.0,1.0,75.0,,,9000.0,125.0,4.0,3750.0,82.0,10000.0,600.0,,,,,2.0,12500.0,,,,0.10300000000000001,1 Hour,US East 2
Standard_D2ads_v5,2.0,8.0,1.0,75.0,,,9000.0,125.0,4.0,3750.0,82.0,10000.0,600.0,,,,,2.0,12500.0,,,,0.195,1 Hour,US East 2
Standard_D32ads_v5,32.0,128.0,1.0,1200.0,,,150000.0,2000.0,32.0,51200.0,768.0,80000.0,1000.0,,,,,8.0,16000.0,,,,1.6480000000000001,1 Hour,US East 2
Standard_D32ads_v5,32.0,128.0,1.0,1200.0,,,150000.0,2000.0,32.0,51200.0,768.0,80000.0,1000.0,,,,,8.0,16000.0,,,,3.12,1 Hour,US East 2
Standard_D48ads_v5,48.0,192.0,1.0,1800.0,,,225000.0,3000.0,32.0,76800.0,1152.0,80000.0,2000.0,,,,,8.0,24000.0,,,,2.472,1 Hour,US East 2
Standard_D48ads_v5,48.0,192.0,1.0,1800.0,,,225000.0,3000.0,32.0,76800.0,1152.0,80000.0,2000.0,,,,,8.0,24000.0,,,,4.68,1 Hour,US East 2
Standard_D4ads_v5,4.0,16.0,1.0,150.0,,,19000.0,250.0,8.0,6400.0,144.0,20000.0,600.0,,,,,2.0,12500.0,,,,0.20600000000000002,1 Hour,US East 2
Standard_D4ads_v5,4.0,16.0,1.0,150.0,,,19000.0,250.0,8.0,6400.0,144.0,20000.0,600.0,,,,,2.0,12500.0,,,,0.39,1 Hour,US East 2
Standard_D64ads_v5,64.0,256.0,1.0,2400.0,,,300000.0,4000.0,32.0,80000.0,1200.0,80000.0,2000.0,,,,,8.0,32000.0,,,,3.296,1 Hour,US East 2
Standard_D64ads_v5,64.0,256.0,1.0,2400.0,,,300000.0,4000.0,32.0,80000.0,1200.0,80000.0,2000.0,,,,,8.0,32000.0,,,,6.24,1 Hour,US East 2
Standard_D8ads_v5,8.0,32.0,1.0,300.0,,,38000.0,500.0,16.0,12800.0,200.0,20000.0,600.0,,,,,4.0,12500.0,,,,0.41200000000000003,1 Hour,US East 2
Standard_D8ads_v5,8.0,32.0,1.0,300.0,,,38000.0,500.0,16.0,12800.0,200.0,20000.0,600.0,,,,,4.0,12500.0,,,,0.78,1 Hour,US East 2
Standard_D96ads_v5,96.0,384.0,1.0,3600.0,,,450000.0,4000.0,32.0,80000.0,1600.0,80000.0,2000.0,,,,,8.0,40000.0,,,,9.36,1 Hour,US East 2
Standard_D96ads_v5,96.0,384.0,1.0,3600.0,,,450000.0,4000.0,32.0,80000.0,1600.0,80000.0,2000.0,,,,,8.0,40000.0,,,,4.944,1 Hour,US East 2
Standard_D16pds_v5,16.0,64.0,1.0,600.0,,,75000.0,1000.0,32.0,25600.0,600.0,40000.0,1200.0,,,,,4.0,12500.0,,,,0.723,1 Hour,US East 2
Standard_D2pds_v5,2.0,8.0,1.0,75.0,,,9375.0,125.0,4.0,3750.0,85.0,10000.0,1200.0,,,,,2.0,12500.0,,,,0.09040000000000001,1 Hour,US East 2
Standard_D32pds_v5,32.0,128.0,1.0,1200.0,,,150000.0,2000.0,32.0,51200.0,865.0,80000.0,2000.0,,,,,8.0,16000.0,,,,1.446,1 Hour,US East 2
Standard_D48pds_v5,48.0,192.0,1.0,1800.0,,,225000.0,3000.0,32.0,76800.0,1315.0,80000.0,3000.0,,,,,8.0,24000.0,,,,2.17,1 Hour,US East 2
Standard_D4pds_v5,4.0,16.0,1.0,150.0,,,19000.0,250.0,8.0,6400.0,145.0,20000.0,1200.0,,,,,2.0,12500.0,,,,0.181,1 Hour,US East 2
Standard_D64pds_v5,64.0,208.0,1.0,2400.0,,,300000.0,4000.0,32.0,80000.0,1735.0,80000.0,3000.0,,,,,8.0,40000.0,,,,2.893,1 Hour,US East 2
Standard_D8pds_v5,8.0,32.0,1.0,300.0,,,38000.0,500.0,16.0,12800.0,290.0,20000.0,1200.0,,,,,4.0,12500.0,,,,0.362,1 Hour,US East 2
Standard_D16plds_v5,16.0,32.0,1.0,600.0,25600.0,600.0,75000.0,1000.0,32.0,25600.0,600.0,40000.0,1200.0,,,,,4.0,12500.0,,,,0.614,1 Hour,US East 2
Standard_D2plds_v5,2.0,4.0,1.0,75.0,3750.0,85.0,9375.0,125.0,4.0,3750.0,85.0,10000.0,1200.0,,,,,2.0,12500.0,,,,0.07680000000000001,1 Hour,US East 2
Standard_D32plds_v5,32.0,64.0,1.0,1200.0,51200.0,865.0,150000.0,2000.0,32.0,51200.0,865.0,80000.0,2000.0,,,,,8.0,16000.0,,,,1.229,1 Hour,US East 2
Standard_D48plds_v5,48.0,96.0,1.0,1800.0,76800.0,1315.0,225000.0,3000.0,32.0,76800.0,1315.0,80000.0,3000.0,,,,,8.0,24000.0,,,,1.843,1 Hour,US East 2
Standard_D4plds_v5,4.0,8.0,1.0,150.0,6400.0,145.0,19000.0,250.0,8.0,6400.0,145.0,20000.0,1200.0,,,,,2.0,12500.0,,,,0.154,1 Hour,US East 2
Standard_D64plds_v5,64.0,128.0,1.0,2400.0,80000.0,1735.0,300000.0,4000.0,32.0,80000.0,1735.0,80000.0,3000.0,,,,,8.0,40000.0,,,,2.458,1 Hour,US East 2
Standard_D8plds_v5,8.0,16.0,1.0,300.0,12800.0,290.0,38000.0,500.0,16.0,12800.0,290.0,20000.0,1200.0,,,,,4.0,12500.0,,,,0.307,1 Hour,US East 2
Standard_D16lds_v5,16.0,32.0,1.0,600.0,75000.0,1000.0,,,32.0,25600.0,600.0,40000.0,1200.0,,,,,8.0,12500.0,,,,0.768,1 Hour,US East 2
Standard_D2lds_v5,2.0,4.0,1.0,75.0,9000.0,125.0,,,4.0,3750.0,85.0,10000.0,1200.0,,,,,2.0,12500.0,,,,0.096,1 Hour,US East 2
Standard_D32lds_v5,32.0,64.0,1.0,1200.0,150000.0,2000.0,,,32.0,51200.0,865.0,80000.0,2000.0,,,,,8.0,16000.0,,,,1.536,1 Hour,US East 2
Standard_D48lds_v5,48.0,96.0,1.0,1800.0,225000.0,3000.0,,,32.0,76800.0,1315.0,80000.0,3000.0,,,,,8.0,24000.0,,,,2.304,1 Hour,US East 2
Standard_D4lds_v5,4.0,8.0,1.0,150.0,19000.0,250.0,,,8.0,6400.0,145.0,20000.0,1200.0,,,,,2.0,12500.0,,,,0.192,1 Hour,US East 2
Standard_D64lds_v5,64.0,128.0,1.0,2400.0,300000.0,4000.0,,,32.0,80000.0,1735.0,80000.0,3000.0,,,,,8.0,30000.0,,,,3.072,1 Hour,US East 2
Standard_D8lds_v5,8.0,16.0,1.0,300.0,38000.0,500.0,,,16.0,12800.0,290.0,20000.0,1200.0,,,,,4.0,12500.0,,,,0.384,1 Hour,US East 2
Standard_D96lds_v5,96.0,192.0,1.0,3600.0,450000.0,4000.0,,,32.0,80000.0,2600.0,80000.0,4000.0,,,,,8.0,35000.0,,,,4.608,1 Hour,US East 2
Standard_D16a_v4,16.0,64.0,1.0,400.0,,187.0,24000.0,375.0,32.0,25600.0,384.0,32000.0,800.0,,,,,8.0,10000.0,,,,0.768,1 Hour,US East 2
Standard_D2a_v41,2.0,8.0,1.0,50.0,,23.0,3000.0,46.0,4.0,3200.0,48.0,4000.0,200.0,,,,,2.0,2000.0,,,,,,
Standard_D32a_v4,32.0,128.0,1.0,800.0,,375.0,48000.0,750.0,32.0,51200.0,768.0,64000.0,1600.0,,,,,8.0,16000.0,,,,1.536,1 Hour,US East 2
Standard_D48a_v4,48.0,192.0,1.0,1200.0,,500.0,96000.0,1000.0,32.0,76800.0,1148.0,80000.0,2000.0,,,,,8.0,24000.0,,,,2.304,1 Hour,US East 2
Standard_D4a_v4,4.0,16.0,1.0,100.0,,46.0,6000.0,93.0,8.0,6400.0,96.0,8000.0,200.0,,,,,2.0,4000.0,,,,0.192,1 Hour,US East 2
Standard_D64a_v4,64.0,256.0,1.0,1600.0,,500.0,96000.0,1000.0,32.0,80000.0,1200.0,80000.0,2000.0,,,,,8.0,32000.0,,,,3.072,1 Hour,US East 2
Standard_D8a_v4,8.0,32.0,1.0,200.0,,93.0,12000.0,187.0,16.0,12800.0,192.0,16000.0,400.0,,,,,4.0,8000.0,,,,0.384,1 Hour,US East 2
Standard_D96a_v4,96.0,384.0,1.0,2400.0,,500.0,96000.0,1000.0,32.0,80000.0,1200.0,80000.0,2000.0,,,,,8.0,40000.0,,,,4.608,1 Hour,US East 2
Standard_D16as_v4,16.0,64.0,32.0,128.0,32000.0,800.0,32000.0,255.0,32.0,25600.0,384.0,32000.0,800.0,,,,,8.0,10000.0,,,,0.768,1 Hour,US East 2
Standard_D2as_v42,2.0,8.0,4.0,16.0,4000.0,100.0,4000.0,32.0,4.0,3200.0,48.0,4000.0,200.0,,,,,2.0,2000.0,,,,,,
Standard_D32as_v4,32.0,128.0,32.0,256.0,64000.0,1600.0,64000.0,510.0,32.0,51200.0,768.0,64000.0,1600.0,,,,,8.0,16000.0,,,,1.536,1 Hour,US East 2
Standard_D48as_v4,48.0,192.0,32.0,384.0,96000.0,2000.0,96000.0,1020.0,32.0,76800.0,1148.0,80000.0,2000.0,,,,,8.0,24000.0,,,,2.304,1 Hour,US East 2
Standard_D4as_v4,4.0,16.0,8.0,32.0,8000.0,200.0,8000.0,64.0,8.0,6400.0,96.0,8000.0,200.0,,,,,2.0,4000.0,,,,0.192,1 Hour,US East 2
Standard_D64as_v4,64.0,256.0,32.0,512.0,128000.0,2000.0,128000.0,1020.0,32.0,80000.0,1200.0,80000.0,2000.0,,,,,8.0,32000.0,,,,3.072,1 Hour,US East 2
Standard_D8as_v4,8.0,32.0,16.0,64.0,16000.0,400.0,16000.0,128.0,16.0,12800.0,192.0,16000.0,400.0,,,,,4.0,8000.0,,,,0.384,1 Hour,US East 2
Standard_D96as_v4,96.0,384.0,32.0,768.0,192000.0,2000.0,192000.0,1020.0,32.0,80000.0,1200.0,80000.0,2000.0,,,,,8.0,40000.0,,,,4.608,1 Hour,US East 2
Standard_D16d_v4,16.0,64.0,1.0,600.0,,,75000.0,1000.0,32.0,25600.0,384.0,32000.0,800.0,,,,,8.0,12500.0,,,,0.904,1 Hour,US East 2
Standard_D2d_v4,2.0,8.0,1.0,75.0,,,9000.0,125.0,4.0,3200.0,48.0,4000.0,200.0,,,,,2.0,5000.0,,,,0.113,1 Hour,US East 2
Standard_D32d_v4,32.0,128.0,1.0,1200.0,,,150000.0,2000.0,32.0,51200.0,768.0,64000.0,1600.0,,,,,8.0,16000.0,,,,1.808,1 Hour,US East 2
Standard_D48d_v4,48.0,192.0,1.0,1800.0,,,225000.0,3000.0,32.0,76800.0,1152.0,80000.0,2000.0,,,,,8.0,24000.0,,,,2.7119999999999997,1 Hour,US East 2
Standard_D4d_v4,4.0,16.0,1.0,150.0,,,19000.0,250.0,8.0,6400.0,96.0,8000.0,200.0,,,,,2.0,10000.0,,,,0.226,1 Hour,US East 2
Standard_D64d_v4,64.0,256.0,1.0,2400.0,,,300000.0,4000.0,32.0,80000.0,1200.0,80000.0,2000.0,,,,,8.0,30000.0,,,,3.616,1 Hour,US East 2
Standard_D8d_v4,8.0,32.0,1.0,300.0,,,38000.0,500.0,16.0,12800.0,192.0,16000.0,400.0,,,,,4.0,12500.0,,,,0.452,1 Hour,US East 2
Standard_D16ds_v4,16.0,64.0,1.0,600.0,,,85000.0,1000.0,32.0,25600.0,384.0,32000.0,800.0,,,,,8.0,12500.0,,,,0.904,1 Hour,US East 2
Standard_D2ds_v4,2.0,8.0,1.0,75.0,,,9000.0,125.0,4.0,3200.0,48.0,4000.0,200.0,,,,,2.0,5000.0,,,,0.113,1 Hour,US East 2
Standard_D32ds_v4,32.0,128.0,1.0,1200.0,,,150000.0,2000.0,32.0,51200.0,768.0,64000.0,1600.0,,,,,8.0,16000.0,,,,1.808,1 Hour,US East 2
Standard_D48ds_v4,48.0,192.0,1.0,1800.0,,,225000.0,3000.0,32.0,76800.0,1152.0,80000.0,2000.0,,,,,8.0,24000.0,,,,2.7119999999999997,1 Hour,US East 2
Standard_D4ds_v4,4.0,16.0,1.0,150.0,,,19000.0,250.0,8.0,6400.0,96.0,8000.0,200.0,,,,,2.0,10000.0,,,,0.226,1 Hour,US East 2
Standard_D64ds_v4,64.0,256.0,1.0,2400.0,,,300000.0,4000.0,32.0,80000.0,1200.0,80000.0,2000.0,,,,,8.0,30000.0,,,,3.616,1 Hour,US East 2
Standard_D8ds_v4,8.0,32.0,1.0,300.0,,,38000.0,500.0,16.0,12800.0,192.0,16000.0,400.0,,,,,4.0,12500.0,,,,0.452,1 Hour,US East 2
Standard_D16_v3,16.0,64.0,1.0,400.0,,187.0,24000.0,375.0,32.0,,,,,,,,,8.0,2000.0,,,,0.768,1 Hour,US East 2
Standard_D2_v3,2.0,8.0,1.0,50.0,,23.0,3000.0,46.0,4.0,,,,,,,,,2.0,1000.0,,,,0.096,1 Hour,US East 2
Standard_D32_v3,32.0,128.0,1.0,800.0,,375.0,48000.0,750.0,32.0,,,,,,,,,8.0,16000.0,,,,1.536,1 Hour,US East 2
Standard_D48_v3,48.0,192.0,1.0,1200.0,,500.0,96000.0,1000.0,32.0,,,,,,,,,8.0,24000.0,,,,2.304,1 Hour,US East 2
Standard_D4_v3,4.0,16.0,1.0,100.0,,46.0,6000.0,93.0,8.0,,,,,,,,,2.0,2000.0,,,,0.192,1 Hour,US East 2
Standard_D64_v3,64.0,256.0,1.0,1600.0,,500.0,96000.0,1000.0,32.0,,,,,,,,,8.0,30000.0,,,,3.072,1 Hour,US East 2
Standard_D8_v3,8.0,32.0,1.0,200.0,,93.0,12000.0,187.0,16.0,,,,,,,,,4.0,2000.0,,,,0.384,1 Hour,US East 2
Standard_D16s_v3,16.0,64.0,1.0,128.0,,,,,32.0,25600.0,384.0,32000.0,800.0,,,,,8.0,2000.0,400.0,32000.0,256.0,0.768,1 Hour,US East 2
Standard_D2s_v3,2.0,8.0,1.0,16.0,,,,,4.0,3200.0,48.0,4000.0,200.0,,,,,2.0,1000.0,50.0,4000.0,32.0,0.096,1 Hour,US East 2
Standard_D32s_v3,32.0,128.0,1.0,256.0,,,,,32.0,51200.0,768.0,64000.0,1600.0,,,,,8.0,16000.0,800.0,64000.0,512.0,1.536,1 Hour,US East 2
Standard_D48s_v3,48.0,192.0,1.0,384.0,,,,,32.0,76800.0,1152.0,80000.0,2000.0,,,,,8.0,24000.0,1200.0,96000.0,768.0,2.304,1 Hour,US East 2
Standard_D4s_v3,4.0,16.0,1.0,32.0,,,,,8.0,6400.0,96.0,8000.0,200.0,,,,,2.0,2000.0,100.0,8000.0,64.0,0.192,1 Hour,US East 2
Standard_D64s_v3,64.0,256.0,1.0,512.0,,,,,32.0,80000.0,1200.0,80000.0,2000.0,,,,,8.0,30000.0,1600.0,128000.0,1024.0,3.072,1 Hour,US East 2
Standard_D8s_v3,8.0,32.0,1.0,64.0,,,,,16.0,12800.0,192.0,16000.0,400.0,,,,,4.0,2000.0,200.0,16000.0,128.0,0.384,1 Hour,US East 2
Standard_D1_v2,1.0,3.5,1.0,50.0,,23.0,3000.0,46.0,4.0,4x500,,,,,,,,2.0,750.0,,,,,,
Standard_D2_v2,2.0,7.0,1.0,100.0,,46.0,6000.0,93.0,8.0,8x500,,,,,,,,2.0,1500.0,,,,,,
Standard_D3_v2,4.0,14.0,1.0,200.0,,93.0,12000.0,187.0,16.0,16x500,,,,,,,,4.0,3000.0,,,,,,
Standard_D4_v2,8.0,28.0,1.0,400.0,,187.0,24000.0,375.0,32.0,32x500,,,,,,,,8.0,6000.0,,,,,,
Standard_D5_v2,16.0,56.0,1.0,800.0,,375.0,48000.0,750.0,64.0,64x500,,,,,,,,8.0,12000.0,,,,,,
,,,,,,,,,,,,,,,,,,,,,,,,,
Standard_DS1_v2,1.0,3.5,1.0,7.0,,,4000.0,32.0,4.0,3200,48.0,,,,,,,2.0,750.0,,,,,,
Standard_DS2_v2,2.0,7.0,1.0,14.0,,,8000.0,64.0,8.0,6400,96.0,,,,,,,2.0,1500.0,,,,,,
Standard_DS3_v2,4.0,14.0,1.0,28.0,,,16000.0,128.0,16.0,12800,192.0,,,,,,,4.0,3000.0,,,,,,
Standard_DS4_v2,8.0,28.0,1.0,56.0,,,32000.0,256.0,32.0,25600,384.0,,,,,,,8.0,6000.0,,,,,,
Standard_DS5_v2,16.0,56.0,1.0,112.0,,,64000.0,512.0,64.0,51200,768.0,,,,,,,8.0,12000.0,,,,,,
